fecha;pagina;id_aviso;fecha_primera_vista;dias_desde_primera_vista;nueva_publicacion;publicado_zonaprop_raw;fecha_publicacion_zonaprop;antiguedad_zonaprop_dias;barrio;direccion;precio_raw;moneda;expensas;m2;ambientes;dormitorios;banos;precio_m2;mascotas;balcon;cochera;terraza;pileta;parrilla;luminoso;url;imagen;texto
2026-10-03;5;56590692;2026-07-21;74;False;;;;Caballito;DOBLAS 468 7 A Caballito, Capital Federal Se trata de un semipiso en un edificio de gran categoría en la mejor ubicación del barrio de caballito A pocos metros de avenida pedro goyena avenida alberdi con solo doce años de antigÜedad. Siendo un séptimo piso con palier privado al frente Y con un amplio balcón terraza ofrece una excelente vista panorámica amplios ambientes como así también cochera fija cubierta. Es realmente un;$ 1.950.000;ARS;300000.0;119;4;;2.0;16387.0;False;True;True;True;False;False;False;https://www.zonaprop.com.ar/propiedades/clasificado/alclapin-4-ambientes-con-balcon-terraza-y-cochera-56590692.html?n_src=Listado&n_pills=Terraza&n_pg=5&n_pos=1&n_search_id=ae222a56-167b-4881-8907-e79e70c70eb2;;$ 1.950.000 $ 300.000 Expensas 119 m² tot. 4 amb. 2 baños 1 coch. DOBLAS 468 7 A Caballito, Capital Federal Se trata de un semipiso en un edificio de gran categoría en la mejor ubicación del barrio de caballito A pocos metros de avenida pedro goyena avenida alberdi con solo doce años de antigÜedad. Siendo un séptimo piso con palier privado al frente Y con un amplio balcón terraza ofrece una excelente vista panorámica amplios ambientes como así también cochera fija cubierta. Es realmente un departamento para vivirlo Y disfrutarlo. WhatsApp Contactar
2026-10-03;5;59803067;2026-09-10;23;False;;;;Caballito;AV. Rivadavia al 6100 Caballito, Capital Federal **alquiler **av. rivadavia 6100, piso 7. caballito. Condiciones de alquilerContrato de vivienda a dos años. Ajuste trimestral por ipc. Mes de adelanto: $1. 100. 000. Mes de depósito: $1. 100. 000. El alquiler es más servicios, expensas, abl y aysa. Garantía propietaria o seguro de caución. Demostración de ingresos comprobables. Pedido de informes a cargo de los inquilinos. Seguro contra incendio y responsabilidad civil a cargo del locatario. Honorarios inmobiliarios a cargo de los propietarios. Si buscás un;$ 1.100.000;ARS;186462.0;71;4;3.0;2.0;15493.0;False;True;False;False;False;False;True;https://www.zonaprop.com.ar/propiedades/clasificado/alclapin-cuatro-ambientes-piso-alto-con-balcon-muy-luminoso!-59803067.html?n_src=Listado&n_pills=Lavadero&n_pg=5&n_pos=2&n_search_id=ae222a56-167b-4881-8907-e79e70c70eb2;;$ 1.100.000 $ 186.462 Expensas 71 m² tot. 4 amb. 3 dorm. 2 baños AV. Rivadavia al 6100 Caballito, Capital Federal **alquiler **av. rivadavia 6100, piso 7. caballito. Condiciones de alquilerContrato de vivienda a dos años. Ajuste trimestral por ipc. Mes de adelanto: $1. 100. 000. Mes de depósito: $1. 100. 000. El alquiler es más servicios, expensas, abl y aysa. Garantía propietaria o seguro de caución. Demostración de ingresos comprobables. Pedido de informes a cargo de los inquilinos. Seguro contra incendio y responsabilidad civil a cargo del locatario. Honorarios inmobiliarios a cargo de los propietarios. Si buscás un departamento amplio, luminoso y con una ubicación estratégica para disfrutar de todo lo que Caballito tiene para ofrecer, esta propiedad reúne todas las condiciones para convertirse en tu próximo hogar. Consultanos para recibir más información o coordinar una visita y descubrila personalmente. Cuatro ambientes con tres dormitorios, balcón y excelente luminosidad en el corazón de Caballito. Ubicado sobre Av. Rivadavia, en un séptimo piso que garantiza una excelente entrada de luz natural, este departamento de cuatro ambientes ofrece el equilibrio ideal entre amplitud, funcionalidad y una ubicación privilegiada. Sus espacios bien distribuidos y su piso alto crean un ambiente cálido, luminoso y confortable para quienes buscan disfrutar de la vida cotidiana en uno de los barrios con mayor conectividad de la ciudad. El amplio living comedor es el corazón de la propiedad, un espacio pensado para compartir reuniones familiares, recibir amigos o simplemente disfrutar de momentos de descanso. La cocina, complementada por un comedor diario y un lavadero independiente, brinda comodidad y practicidad para el día a día. Los tres dormitorios permiten adaptarse a distintas necesidades familiares: habitaciones para los más chicos, un cómodo espacio de trabajo desde el hogar o un dormitorio adicional para huéspedes, ofreciendo una gran versatilidad de uso. El balcón aporta un agradable espacio exterior para disfrutar del aire libre y la luminosidad característica de esta propiedad. Su excelente ubicación permite acceder rápidamente a múltiples medios de transporte, comercios, centros educativos, espacios gastronómicos y todos los servicios que distinguen a Caballito como uno de los barrios más buscados para vivir. Características de la propiedadUbicación: Av. Rivadavia 6100, piso 7, entre Morelos y Donato Álvarez, Caballito. Superficie total: 71 m². Superficie cubierta: 68 m². Superficie descubierta: 3 m². Living comedor: 3. 40 x 5. 50 m. Cocina Comedor diario: 3. 88 x 3. 30 m. Lavadero independiente: 1. 30 x 0. 90 m. Dormitorio principal: 2. 90 x 3 m. + Placard. Segundo dormitorio: 3 x 2. 77 m. + Placard. Tercer dormitorio / escritorio: 2. 00 x 2. 55 m. + Placard. Baño principal: 1. 50 x 2. 25 m. Toilette: 1. 30 x 0. 75 m. Baño de servicio: 1. 53 x 1. 00 m. Balcón: 2. 20 x 1. 40 m. Puntos importantes Alquiler mensual: $1. 100. 000. Expensas (Agosto 2026): $186. 462. Piso alto con excelente luminosidad. Edifcio con encargado. Máximo cuatro ocupantes. **Acepta mascota. **Aviso Legal: Toda la información y las medidas suministradas son estimativas y deberán corroborarse con la documentación correspondiente. Los importes indicados (expensas, abl y otros) corresponden a la última información disponible y deberán ser ratificados al momento de la firma del contrato. Las imágenes publicadas son meramente ilustrativas, no vinculantes y no contractuales. Hugo Cortes (Matrícula N. º 245 cucicba). hcg Brokers Inmobiliarios. WhatsApp Contactar
2026-10-03;5;60155415;2026-09-15;18;False;;;;Caballito;Av Alberdi al 700 Caballito, Capital Federal Alquiler 4amb con dos balconesEl;$ 1.400.000;ARS;280000.0;100;4;3.0;1.0;14000.0;False;True;False;False;False;False;True;https://www.zonaprop.com.ar/propiedades/clasificado/alclapin-departamento-en-caballito-60155415.html?n_src=Listado&n_pg=5&n_pos=3&n_search_id=ae222a56-167b-4881-8907-e79e70c70eb2;;$ 1.400.000 $ 280.000 Expensas 100 m² tot. 4 amb. 3 dorm. 1 baño Av Alberdi al 700 Caballito, Capital Federal Alquiler 4amb con dos balconesEl departamento consta de un super luminoso living-comedor al frente con salida al 1er balcón, 3 habitaciones con placard y una de ellas con acceso al 2do balcón de la unidad. Cocina muy amplia, toilette, baño completo y hall de distribución con espacio de guardado. Apto finaer O respaldarubicación ideal, sobre Avenida a metros de Jose Maria Moreno. Para los casos de alquiler de vivienda, el monto máximo de comisión que se le puede requerir a los propietarios será el equivalente al cuatro con quince centésimos por ciento (4, 15%) del valor total del respectivo contrato. Se encuentra prohibido cobrar a los inquilinos que sean personas físicas comisiones inmobiliarias y gastos de gestoría de informes. -cucicba Matricula 7107 WhatsApp Contactar
2026-10-03;5;60245717;2026-09-25;8;False;;;;Villa Luro;Álvarez Jonte 5300 Villa Luro, Capital Federal Hermoso Y amplio;$ 1.500.000;ARS;;115;4;3.0;2.0;13043.0;False;True;False;False;False;False;False;https://www.zonaprop.com.ar/propiedades/clasificado/alclapin-semipiso-4-ambientes-con-dos-banos.-frente-balcon.-60245717.html?n_src=Listado&n_pills=Lavadero&n_pg=5&n_pos=6&n_search_id=ae222a56-167b-4881-8907-e79e70c70eb2;;"$ 1.500.000 115 m² tot. 4 amb. 3 dorm. 2 baños Álvarez Jonte 5300 Villa Luro, Capital Federal Hermoso Y amplio departamento semipiso al frente con balcón corrido, amplio living A la calle con gran balcón corrido, tres dormitorios con placares dos de ellos dan al frente y el tercero al contrafrente, cocina con comedor diario integrado, balcón al contrafrente con lavadero Y cerramiento. La construcción Y el estado general es optimo. Cuenta con dos acondicionadores de aire tipo split uno en el living Y otro en un dormitorio. Edificio con ascensor. ""sin mascotas"" ubicado sobre alvarez jonte entre lope de vega Y calderón de la barca. . Para mayor información Y visitas comunicarse al beiramar WhatsApp Contactar"
2026-10-03;5;60255180;2026-09-26;7;False;;;;Floresta;Avenida Juan Bautista Justo 8306 Floresta, Capital Federal Excelente;$ 1.450.000;ARS;6000.0;111;4;3.0;1.0;13063.0;False;True;False;True;False;True;False;https://www.zonaprop.com.ar/propiedades/clasificado/alclapin-departamento-4-ambientes-con-3-balcones-y-terraza-1er-60255180.html?n_src=Listado&n_pills=Terraza&n_pg=5&n_pos=7&n_search_id=ae222a56-167b-4881-8907-e79e70c70eb2;;$ 1.450.000 $ 6.000 Expensas 111 m² tot. 4 amb. 3 dorm. 1 baño Avenida Juan Bautista Justo 8306 Floresta, Capital Federal Excelente departamento de 4 ambientes en primer piso por escalera, con ambientes amplios, muy buena distribución Y una característica que lo hace especialmente atractivo: gran cantidad de espacios al aire libre Y expensas realmente muy bajas, de aproximadamente $6. 000 mensuales. Cuenta con un cómodo living comedor en L, cocina independiente, 3 dormitorios, uno de ellos con placard, baño completo con bañera Y lavadero. La propiedad posee tres balcones, que aportan muy buena luz Y ventilación natural A los distintos ambientes. Uno de sus principales atractivos es su gran terraza propia de aproximadamente 42 M², un espacio realmente amplio Y aprovechable para disfrutar al aire libre, armar un sector de mesa Y sillas, plantas, parrilla O simplemente contar con un lugar exterior propio. Ubicado en floresta, en un entorno residencial Y familiar, con comercios, colegios Y medios de transporte cercanos. Una propiedad que combina 3 dormitorios, balcones, una gran terraza propia Y expensas muy bajas, ideal para quienes buscan amplitud Y espacios exteriores sin sumar un alto costo mensual de mantenimiento. Medidas aproximadas. living comedor: 4, 50 X 3, 50 M + sector en “L” de 2, 50 X 2, 00 M. cocina: 2, 60 X 3, 15 M. dormitorio 1: 2, 50 X 2, 30 M – con placard. dormitorio 2: 3, 96 X 3, 20 M. dormitorio 3: 3, 40 X 3, 20 M. baño completo: 1, 50 X 2, 06 M. balcón 1: 3, 30 X 0, 80 M. balcón 2: 2, 63 X 1, 00 M. balcón 3: 2, 66 X 1, 03 M. terraza propia: sector principal de 6, 00 X 6, 00 M + sector de 3, 20 X 2, 00. condicones para alquilar. se acepta garantia propietaria O seguro de caucion (finnaer Y prferentemente garantia ya) contrato A veinticuatro (24) meses. ajuste cada 4 meses por ipc. 1 mes de adelanto $1. 450. 000. 1 mes de deposito $1. 450. 000. gastos administrativos. opcion 1 $200. 000 (con garantia propietaria) opcion 2 $50. 000 (con seguro de caucion) WhatsApp Contactar
2026-10-03;5;59806222;2026-08-09;55;False;;;;Flores;Avenida Directorio al 2500 Flores, Capital Federal El equipo de doopla ofrece en alquiler;;USD;399156.0;96;4;3.0;2.0;;False;False;False;False;False;False;False;https://www.zonaprop.com.ar/propiedades/clasificado/alclapin-departamento-en-flores-59806222.html?n_src=Listado&n_pills=Encargado&n_pg=5&n_pos=8&n_search_id=ae222a56-167b-4881-8907-e79e70c70eb2;;$ 1.100.000 $ 399.156 Expensas 96 m² tot. 4 amb. 3 dorm. 2 baños Avenida Directorio al 2500 Flores, Capital Federal El equipo de doopla ofrece en alquiler departamento de 4 ambientes con dependencia en el barrio de Flores sobre Avenida Directorio entre Pedernera y Varela. La unidad se desarrolla en un 3° piso al frente con orientación Norte. La propiedad cuenta con: * Entrada principal y de servicio. * Amplio living comedor. * 3 dormitorios con placard. * Baño completo (baño y antebaño). * Toilette de recepción. * Dependencia de servicio con baño. * Cocina independiente con horno y termotanque a gas. * Pisos de parquet. Requisitos para el ingreso: * 1 mes de depósito. * 1 mes de alquiler. * Ingresos comprobables. * Garantía propietaria en caba o seguro de caución. * Contrato a 2 años. * Actualización trimestral por ipc. Hasta el 50% del valor de esta propiedad puede ser financiado por Innovahipotecaria. com. Ejemplo: cada 10. 000 usd se devuelven en 60 cuotas iguales de 252. 29 usd. Términos, condiciones y tasas en Innovahipotecaria. com** Martillero responsable caba: Jorge Giller - cucicba 5458 * Martillero responsable Pcia. Bs. As.: Cristian Berardo - cmcpdjlm 944** Contactar
2026-10-03;5;60155799;2026-09-15;18;False;;;;Caballito;Pasaje San Ireneo 100 Caballito, Capital Federal Corredor Responsable: Daniel Acosta cpi 2406 / cmcpsi 5953- Contacto: Rosana Pereira.;$ 1.900.000;ARS;824859.0;159;4;3.0;2.0;11950.0;False;True;True;False;False;False;True;https://www.zonaprop.com.ar/propiedades/clasificado/alclapin-alquiler-departamento-4-ambientes-caballito-piso-60155799.html?n_src=Listado&n_pills=Aire+acondicionado&n_pg=5&n_pos=9&n_search_id=ae222a56-167b-4881-8907-e79e70c70eb2;;$ 1.900.000 $ 824.859 Expensas 159 m² tot. 4 amb. 3 dorm. 2 baños 1 coch. Pasaje San Ireneo 100 Caballito, Capital Federal Corredor Responsable: Daniel Acosta cpi 2406 / cmcpsi 5953- Contacto: Rosana Pereira. departamento 4 ambientes en alquiler caballito capital federal. Departamento en alquiler ubicado en el segundo piso de un edificio de 16 pisos en Pasaje San Ireneo, Caballito. La propiedad cuenta con 159 m² de superficie total construida, distribuidos en 4 ambientes principales más habitación de servicio, ofreciendo una distribución funcional y luminosa. El inmueble presenta un gran living al frente con balcón que brinda excelente iluminación natural y vistas al barrio. La cocina es independiente y se complementa con un lavadero de servicio. El dormitorio principal cuenta con baño en suite y vestidor, garantizando privacidad y comodidad. Dos dormitorios adicionales comparten un baño completo con bañera. Se suma un escritorio ideal para home office y una habitación de servicio con baño propio. La distribución incluye 3 baños completos y 1 toilette, cubriendo las necesidades de toda la familia. Los placares están presentes en los ambientes principales, optimizando el almacenamiento. El edificio dispone de ascensor, recepción, portón automático y aire acondicionado central. La propiedad incluye 1 cochera propia, facilitando el estacionamiento. Se encuentra a una cuadra de Avenida Rivadavia y frente al Colegio Santa Rosa, en una zona consolidada con excelente acceso a transporte, comercios y servicios. Todos los servicios están disponibles: electricidad, agua, gas, desagüe cloacal y televisión por cable. El estado general de la propiedad es excelente, con construcción de 1983 y mantenimiento actualizado. Una opción completa para familias que buscan comodidad y funcionalidad en Caballito. Expensas Agosto 2026. condiciones de alquiler. -1 mes adelantado. -1 mes de depósito. -Título de propiedad inmueble de Cap. Federal como garantía. -Certificación de ingresos. Recibo de sueldo de los últimos 6 meses y/o Monotributo. -Actualización trimestral de acuerdo al Índice de Precios al consumidor (ipc) -Contrato por 2 (dos) años. Rau S. R. L. No ejerce el corretaje inmobiliario. El presente sitio web es una plataforma en donde cada oficina inmobiliaria independiente que contrata los servicios re/max puede publicar las propiedades a su cargo. Cada oficina es de propiedad y gestión independiente, por lo que rau S. R. L. No interviene en los datos de la publicación, en la operación inmobiliaria, ni en la confección y/o firma del boleto de compraventa y/o escritura y/o contrato de alquiler. En cumplimiento de las leyes vigentes que regulan el corretaje inmobiliario, Ley Nacional 25. 028, Ley 22. 802 de Lealtad Comercial, Ley 24. 240 de Defensa al Consumidor, las normas del Código Civil y Comercial de la Nación y Constitucionales, los agentes/gestores no ejercen el corretaje inmobiliario. Todas las operaciones inmobiliarias son objeto de intermediación y conclusión por parte del corredor público inmobiliario colegiado a cargo de la publicación, cuyos datos se exhiben en la presente. La presente publicación describe las características esenciales del inmueble, debiéndose consultar al corredor público inmobiliario responsable de la operación por la eventual actualización de las medidas, descripciones arquitectónicas y funcionales, valores de expensas, servicios, impuestos, precios y demás información, cuyos valores son aproximados. Para los casos de alquiler de vivienda, el monto máximo de comisión que se le puede requerir a los propietarios será el equivalente al cuatro con quince centésimos por ciento (4, 15%) del valor total del respectivo contrato. Se encuentra prohibido cobrar a los inquilinos que sean personas físicas comisiones inmobiliarias y gastos de gestoría de informes. El inmueble es accesible para personas con discapacidades físicas. WhatsApp Contactar
2026-10-03;5;60318348;2026-10-03;0;True;;;;Flores;"Rivera Indarte 1681 Flores, Capital Federal """;$ 750.000;ARS;;74;4;3.0;1.0;10135.0;False;True;True;False;False;False;False;https://www.zonaprop.com.ar/propiedades/clasificado/alclapin-alquiler-4-ambientes-i-flores-sur-60318348.html?n_src=Listado&n_pills=Permite+mascotas&n_pg=5&n_pos=10&n_search_id=ae222a56-167b-4881-8907-e79e70c70eb2;;"$ 750.000 74 m² tot. 4 amb. 3 dorm. 1 baño Rivera Indarte 1681 Flores, Capital Federal ""departamento 4 ambientes en alquiler frente 74 M² flores capital federal. Departamento de 4 ambientes ubicado en primer piso frente, con excelente distribución y óptima ventilación natural. La unidad desarrolla 74 m² construidos, con una distribución que maximiza cada espacio interior. Cuenta con: *living-comedor con acceso a balcón. *cocina separada completamente equipada con sector de lavadero integrado. *tres dormitorios. *baño completo. Características principales: *Cochera incluida. Ubicado sobre Rivera Indarte en el barrio de Flores Sur, ofrece una conexión inmediata con servicios urbanos, transporte público y principales vías de comunicación de Capital Federal. Contáctanos para más información y coordinar una visita! "" Corredor responsable: Karina Carrasquero cucicba 9135 / Andrea Misuraca mgr 377. Todas las propiedades publicadas están a cargo del profesional matriculado, quien realiza exclusivamente la intermediación y conclusión de operaciones. En cumplimiento de Ley 10. 973 (modificada por Ley 14. 085, Pcia. Bs. As.), Leyes Nacionales 25. 028, 20. 266, 22. 802 (Lealtad Comercial) y 24. 240 (Defensa del Consumidor), los asesores no ejercen corretaje inmobiliario. Importante: - Las medidas y superficies informadas son aproximadas. Las exactas surgen del título de propiedad o plano de mensura. - Ley 5115 caba: Salvo que se indique expresamente lo contrario en la descripción, la propiedad puede no contar con rampa ni accesibilidad para personas con movilidad reducida o discapacidades físicas. - Reservas únicamente con el matriculado en la inmobiliaria. Contactar"
2026-10-03;5;53649975;2026-06-24;101;False;;;;Villa del Parque;Segurola 3216 Villa Devoto, Capital Federal;$ 1.500.000;ARS;150000.0;90;4;3.0;2.0;16667.0;False;True;False;False;False;False;False;https://www.zonaprop.com.ar/propiedades/clasificado/alclapin-departamento-de-4-ambientes-con-balcon-53649975.html?n_src=Listado&n_pg=5&n_pos=11&n_search_id=ae222a56-167b-4881-8907-e79e70c70eb2;;$ 1.500.000 $ 150.000 Expensas 90 m² tot. 4 amb. 3 dorm. 2 baños Segurola 3216 Villa Devoto, Capital Federal Departamento de 4 ambientes al frente con balcon, ubicado en el barrio porteño de Villa Devoto, situado en la calle Segurola, entre La Avenida Francisco Beiro y Jose Pedro Varela. la propiedad cuenta con 3 dormitorios, cocina separada, gran living comedor y balcon corrido al frente. expensas mayo 150. 000 pesos. requisitos mes de deposito mes adelanto comprobante de ingreso y garantia de capital maximo 4 personas no acepta mascota. consultas unicamente telefonicas al 4. 5. 0. 3. -. 7. 0. 0. 0 // 4. 5. 0. 4. -. 7. 0. 0. 0. Whatsapp mensajes 1. 1. 2. 2. 3. 5. 7. 0. 0. 0. Nani Propiedades. Suc: Villa del Parque. Nazarre Nº 3211 C. A. B. A. Suc: Villa Devoto. Av. Segurola 3261 C. A. B. A. Para los casos de alquiler de vivienda, el monto máximo de comisión que se le puede requerir a los propietarios será el equivalente al cuatro con quince centésimos por ciento (4, 15%) del valor total del respectivo contrato. Se encuentra prohibido cobrar a los inquilinos que sean personas físicas comisiones inmobiliarias y gastos de gestoría de informes. Todas las Medidas y/o superficies indicadas en nuestro sitio son aproximadas y a solo efecto orientativo. Las medidas reales surgirán del plano correspondiante del inmueble. WhatsApp Contactar
2026-10-03;5;60311115;2026-10-02;1;True;;;;Flores;Carabobo 0 Flores, Capital Federal;$ 950.000;ARS;350000.0;110;4;3.0;2.0;8636.0;False;True;False;False;False;False;True;https://www.zonaprop.com.ar/propiedades/clasificado/alclapin-departamento-en-alquiler-en-flores-capital-federal-60311115.html?n_src=Listado&n_pills=Lavadero&n_pg=5&n_pos=13&n_search_id=ae222a56-167b-4881-8907-e79e70c70eb2;;$ 950.000 $ 350.000 Expensas 110 m² tot. 4 amb. 3 dorm. 2 baños Carabobo 0 Flores, Capital Federal Departamento de 4 ambientes con balcón corrido al frente - toilette Y baño completo con espejo Y ventana - cocina separada - lavadero independiente con instalación para lavarropas - hall de distribución con placard - orientación este - super luminoso - todo recién pintado - excelente ubicación - A metros de av. Rivadavia, subte A estación carabobo, colectivos, etc. - demostración de ingresos Y garantía propietaria O fianza finaer - contrato A 2 años con ajustes trimestrales al ipc - no acepta perro - posesión inmediata!! Ciudad de la paz 1978. Ver datos. teléfono: 11 Ver datos. Seguínos en Instagram. @caianbelgrano. nordelta. Martillero Responsable: Juan Manuel Caian. Matrícula 4689 cpi / 6668 cmcpsi. Excelencia en Servicios Inmobiliarios, desde 1972. Contactar
2026-10-03;5;60289404;2026-10-02;1;True;;;;Flores;Avenida Varela 800 Flores, Capital Federal Corredor Responsable: Sebastian Pedro Morales cmcpsi 7280 cucicba 9953- Contacto: Silvina Weiler.;$ 1.400.000;ARS;190000.0;78;4;3.0;1.0;17949.0;True;True;True;False;False;False;False;https://www.zonaprop.com.ar/propiedades/clasificado/alclapin-alquiler-departamento-4-ambientes-cochera-flores-60289404.html?n_src=Listado&n_pills=Encargado&n_pg=5&n_pos=14&n_search_id=ae222a56-167b-4881-8907-e79e70c70eb2;;"$ 1.400.000 $ 190.000 Expensas 78 m² tot. 4 amb. 3 dorm. 1 baño 1 coch. Avenida Varela 800 Flores, Capital Federal Corredor Responsable: Sebastian Pedro Morales cmcpsi 7280 cucicba 9953- Contacto: Silvina Weiler. departamento 4 ambientes con cochera descubierta en piso 9 en alquiler - flores - capital federal. Departamento de 78 m² ubicado sobre Avenida Varela en el barrio de Flores, emplazado en el noveno piso de un edificio de 10 niveles construido en 1994. Excelente ubicación con acceso inmediato a la autopista 25 de Mayo, estación de subte, múltiples líneas de colectivo y Avenida Directorio. La propiedad mantiene su estructura original en muy buen estado de conservación, distribuida en 4 ambientes con tres dormitorios, un baño completo, toilette, cocina separada y living/comedor con balcón de orientación este. Los pisos de madera en habitaciones se complementan con placard en cada dormitorio y otro adicional en el living. El edificio cuenta con dos ascensores, representando un valor agregado para los residentes. La disposición frente permite una óptima iluminación natural. Entre sus características destacan aire acondicionado, servicios completos de electricidad, agua, gas y desagüe cloacal. Incluye cochera, elemento diferencial para quienes valoran estacionamiento propio en zona céntrica. Vista panorámica 180°. Expensas: incluyen Agua (aysa) y expensas de cochera (descubierta). Encargado con vivienda en el edificio. Condiciones de alquiler: - Plazo contractual: 2 años. - Un mes de adelanto. - Depósito de 1 mes en dólares. - Ajuste por ipc trimestral. - Ingresos demostrables. - Garantía: seguro de caución. A una cuadra de estación \""Varela\"" de subte línea E, 8 cuadras de plaza Flores y estación \""San José de Flores\"" de subte línea A. A 3 cuadras de importante centro comercial, supermercados y otros negocios de cercanía en el radio de 1 cuadra. Zona y cuadra del edificio con vigilancia policial las 24 hs. Importante: !! No se admiten mascotas! Rau S. R. L. No ejerce el corretaje inmobiliario. El presente sitio web es una plataforma en donde cada oficina inmobiliaria independiente que contrata los servicios re/max puede publicar las propiedades a su cargo. Cada oficina es de propiedad y gestión independiente, por lo que rau S. R. L. No interviene en los datos de la publicación, en la operación inmobiliaria, ni en la confección y/o firma del boleto de compraventa y/o escritura y/o contrato de alquiler. En cumplimiento de las leyes vigentes que regulan el corretaje inmobiliario, Ley Nacional 25. 028, Ley 22. 802 de Lealtad Comercial, Ley 24. 240 de Defensa al Consumidor, las normas del Código Civil y Comercial de la Nación y Constitucionales, los agentes/gestores no ejercen el corretaje inmobiliario. Todas las operaciones inmobiliarias son objeto de intermediación y conclusión por parte del corredor público inmobiliario colegiado a cargo de la publicación, cuyos datos se exhiben en la presente. La presente publicación describe las características esenciales del inmueble, debiéndose consultar al corredor público inmobiliario responsable de la operación por la eventual actualización de las medidas, descripciones arquitectónicas y funcionales, valores de expensas, servicios, impuestos, precios y demás información, cuyos valores son aproximados. Para los casos de alquiler de vivienda, el monto máximo de comisión que se le puede requerir a los propietarios será el equivalente al cuatro con quince centésimos por ciento (4, 15%) del valor total del respectivo contrato. Se encuentra prohibido cobrar a los inquilinos que sean personas físicas comisiones inmobiliarias y gastos de gestoría de informes. El inmueble no es accesible para personas con discapacidades físicas. Contactar"
2026-10-03;5;60046844;2026-09-06;27;False;;;;Caballito;Honorio Pueyrredon 1000 Caballito, Capital Federal Depto 4 amb caballito. Muy Luminoso -;$ 1.300.000;ARS;260000.0;85;4;3.0;1.0;15294.0;False;True;False;False;False;False;True;https://www.zonaprop.com.ar/propiedades/clasificado/alclapin-4-amb-alquiler-en-caballito-60046844.html?n_src=Listado&n_pills=Lavadero&n_pg=5&n_pos=15&n_search_id=ae222a56-167b-4881-8907-e79e70c70eb2;;$ 1.300.000 $ 260.000 Expensas 85 m² tot. 4 amb. 3 dorm. 1 baño Honorio Pueyrredon 1000 Caballito, Capital Federal Depto 4 amb caballito. Muy Luminoso - Excelente Ubicacion. 85Mts. Cocina Comedor -Lavadero. Hall intimo- Baño completo. 3 Dormitorios amplios con placard. Balcon 6 mts WhatsApp Contactar
2026-10-03;5;60023679;2026-09-01;32;False;;;;Caballito;;$ 1.300.000;ARS;250000.0;84;4;4.0;;15476.0;False;False;False;False;False;False;False;https://www.zonaprop.com.ar/propiedades/clasificado/alclapin-alquiler-4-ambientes-con-dependencia-y-vista-abierta-60023679.html?n_src=Listado&n_pills=Aire+acondicionado&n_pg=5&n_pos=17&n_search_id=ae222a56-167b-4881-8907-e79e70c70eb2;;$ 1.300.000 $ 250.000 Expensas 84 m² tot. 4 amb. 4 dorm. Avenida Doctor Honorio Pueyrredon al 400 Caballito, Capital Federal Ubicado sobre Honorio Pueyrredón 449, este distinguido departamento de 4 ambientes y dependencia se encuentra en un 2° piso al frente y ofrece 84 m² totales diseñados para disfrutar de espacios amplios, funcionales y llenos de luz natural. La unidad fue íntegramente pintada y sus pisos de parquet fueron recientemente plastificados, logrando una estética cálida y elegante, lista para mudarse sin necesidad de realizar mejoras. El amplio living-comedor, equipado con aire acondicionado, se abre hacia una agradable vista al Parque Lineal de Honorio Pueyrredón, brindando una sensación única de amplitud y tranquilidad en pleno corazón de Caballito. La distribución ofrece una cocina independiente de generosas dimensiones, lavadero independiente, excelente ventilación y una cómoda separación entre los espacios sociales y privados. El sector íntimo cuenta con dos dormitorios con placard, mientras que el dormitorio principal dispone de aire acondicionado y un amplio ropero, aportando comodidad y gran capacidad de guardado. Una propiedad ideal para quienes priorizan luminosidad, confort y una ubicación estratégica, rodeada de espacios verdes, comercios, colegios, medios de transporte y todo lo que Caballito tiene para ofrecer. Valor de alquiler: $1. 300. 000Expensas: $250. 000Condiciones de alquiler: - Contrato por 2 años. - Actualización trimestral por ipc. Requisitos: - Demostración de ingresos- Garantía propietaria o seguro de caución- No registrar antecedentes negativos en Veraz. sueiro propiedadeshernan Sueiro cucicba 652 WhatsApp Contactar
2026-10-03;5;59943326;2026-08-22;42;False;;;;Caballito;Hidalgo 820 Cid Campeador, Caballito Hermoso;$ 1.300.000;ARS;350000.0;67;4;3.0;1.0;19403.0;False;True;False;False;False;False;True;https://www.zonaprop.com.ar/propiedades/clasificado/alclapin-alquiler-departamento-4-ambientes-59943326.html?n_src=Listado&n_pills=Lavadero&n_pg=5&n_pos=18&n_search_id=ae222a56-167b-4881-8907-e79e70c70eb2;;$ 1.300.000 $ 350.000 Expensas 67 m² tot. 4 amb. 3 dorm. 1 baño Hidalgo 820 Cid Campeador, Caballito Hermoso departamento en alquiler de 4 ambientes muy luminosos con un espectacular balcón corrido al frente ubicado en 4° piso, cocina completa, lavadero independiente. Living comedor amplio, cómodo y funcional. Hall de distribución conecta a las habitaciones y al toilette, habitación principal con salida al balcón con importante espacio de guardado, en la segunda habitación tiene también gran espacio de guardado, la tercera habitación linda con el toilette. Todos los ambientes son cómodos, amplios y funcionales. La ubicación es ideal por el punto estratégico de Caballito que se encuentra, a solo una cuadra de la Avenida Acoyte, una cuadra de Av. Díaz Vélez, a dos cuadras de Av. Ángel Gallardo, a dos cuadra de Av. Honorio Pueyrredón, a 5 cuadras de Cid Campeador donde cinco avenidas brindan salida rápida a diferentes puntos de capital y provincia, también está a tres cuadras de Parque Centenario. Esto significa que tienes fácil acceso a las principales avenidas y a una gran variedad de líneas de colectivo. Sin duda, es una zona muy bien conectada y rodeada de comercios, restaurantes, parques y mucho más. En resumen, es un departamento que combina comodidad, luminosidad y una ubicación privilegiada. ¿Te gustaría que te ayude a organizar una visita o necesitas más detalles? Emilia Silvia Pepe Emilia Silvia Pepe Matrícula cpi 7344. Todas las propiedades que figuran en esta publicación se encuentran a cargo del profesional matriculado Emilia Silvia Pepe Emilia Silvia Pepe, Matrícula cpi 7344 por lo tanto la intermediación y la conclusión de las operaciones serán llevadas exclusivamente por él. En cumplimiento de la Ley 10. 973 de la Provincia de Buenos Aires, Ley Nacional 25. 028, Ley Nacional 20. 266, Ley 22. 802 de Lealtad Comercial, Ley 24. 240 de Defensa al Consumidor, las normas del Código Civil y Comercial de la Nación y Constitucionales, los asesores o agentes no ejercen el corretaje inmobiliario. Todas las operaciones inmobiliarias son objeto de intermediación y conclusión por parte del martillero y corredor colegiado, cuyos datos se exhiben en el nombre de la inmobiliaria. Ley 5115: excepto que en la descripción de la propiedad se indique lo contrario, el edificio puede no contar con rampa para personas con movilidad reducida, y no ser Accesible para personas con discapacidades físicas. Venta sujeta a la obtención del coti por parte del propietario. Las medidas son aproximadas, las reales surgen del título o plano de mensura. Las reservas se toman exclusivamente en la inmobiliaria con el matriculado cpi 7344 WhatsApp Contactar
2026-10-03;5;60140159;2026-09-14;19;False;;;;Caballito;Avenida Rivadavia 6000 Caballito, Capital Federal Corredor Responsable: Maria Patricia Sodor cucicba 5414 / csi 6061- Contacto: Rubén Walter Guitar. Condiciones: Contrato de 24 meses, con actualizaciones trimestrales por ipc (Índice de Precio al Consumidor) solo seguro de caución (garantía ya, finaer, woranz, garantor o monclair). No garantía propietaria. Mes de depósito en Dólares: U$D 1000. Mes de Alquiler por adelantado en pesos: $ 1. 400. 000. - Expensas: $320. 000. El;$ 1.300.000;ARS;320000.0;78;4;3.0;1.0;16667.0;False;True;True;True;False;False;False;https://www.zonaprop.com.ar/propiedades/clasificado/alclapin-alquiler-4-amb-con-balcon-caballito-60140159.html?n_src=Listado&n_pills=Lavadero&n_pg=5&n_pos=20&n_search_id=ae222a56-167b-4881-8907-e79e70c70eb2;;$ 1.300.000 $ 320.000 Expensas 78 m² tot. 4 amb. 3 dorm. 1 baño Avenida Rivadavia 6000 Caballito, Capital Federal Corredor Responsable: Maria Patricia Sodor cucicba 5414 / csi 6061- Contacto: Rubén Walter Guitar. Condiciones: Contrato de 24 meses, con actualizaciones trimestrales por ipc (Índice de Precio al Consumidor) solo seguro de caución (garantía ya, finaer, woranz, garantor o monclair). No garantía propietaria. Mes de depósito en Dólares: U$D 1000. Mes de Alquiler por adelantado en pesos: $ 1. 400. 000. - Expensas: $320. 000. El departamento se encuentra ubicado sobre Av. Rivadavia, zona estratégica del barrio de Caballito, contando con una muy amplia variedad de locales comerciales, colegios y medios de transporte. Colectivos: 1, 2, 5, 8, 25, 36, 44, 49, 53, 55, 76, 85, 86, 88, 96, 104, 113, 126, 132, 133, 134, 136, 141, 163, 180. Subtes: carabobo (Línea A), puan (Línea A) Distribución: Cocina de buenas dimensiones, con espacio de guardado y lavadero. Living comedor con pisos de parquet, con salida al Balcón. Toilette de recepción. Cuenta con tres dormitorios, todos con placares empotrados, pisos de madera, de cómodas dimensiones. Baño completo con bañera. Balcón con rejas de seguridad y con vistas abiertas únicas. El edificio, de 14 pisos y un subsuelo, está en excelente estado de mantenimiento. Cuenta con tres ascensores, terraza de uso común, sum en refacción, seguridad nocturna y sistema de cámaras por app. Además, existe la posibilidad de alquilar cochera en el mismo edificio. Condiciones: Contrato de 24 meses, con actualizaciones trimestrales por ipc (Índice de Precio al Consumidor) solo seguro de caución (garantía ya, finaer, woranz, garantor o monclair). No garantía propietaria. Mes de depósito en Dólares: U$D 1000. Mes de Alquiler por adelantado en pesos: $ 1. 400. 000. - Expensas: $320. 000. rau S. R. L. No ejerce el corretaje inmobiliario. El presente sitio web es una plataforma en donde cada oficina inmobiliaria independiente que contrata los servicios re/max puede publicar las propiedades a su cargo. Cada oficina es de propiedad y gestión independiente, por lo que rau S. R. L. No interviene en los datos de la publicación, en la operación inmobiliaria, ni en la confección y/o firma del boleto de compraventa y/o escritura y/o contrato de alquiler. En cumplimiento de las leyes vigentes que regulan el corretaje inmobiliario, Ley Nacional 25. 028, Ley 22. 802 de Lealtad Comercial, Ley 24. 240 de Defensa al Consumidor, las normas del Código Civil y Comercial de la Nación y Constitucionales, los agentes/gestores no ejercen el corretaje inmobiliario. Todas las operaciones inmobiliarias son objeto de intermediación y conclusión por parte del corredor público inmobiliario colegiado a cargo de la publicación, cuyos datos se exhiben en la presente. La presente publicación describe las características esenciales del inmueble, debiéndose consultar al corredor público inmobiliario responsable de la operación por la eventual actualización de las medidas, descripciones arquitectónicas y funcionales, valores de expensas, servicios, impuestos, precios y demás información, cuyos valores son aproximados. Para los casos de alquiler de vivienda, el monto máximo de comisión que se le puede requerir a los propietarios será el equivalente al cuatro con quince centésimos por ciento (4, 15%) del valor total del respectivo contrato. Se encuentra prohibido cobrar a los inquilinos que sean personas físicas comisiones inmobiliarias y gastos de gestoría de informes. El inmueble no es accesible para personas con discapacidades físicas. WhatsApp Contactar
2026-10-03;5;59699243;2026-07-25;70;False;;;;Villa Devoto;Avenida San Martín 5192 Villa Devoto, Capital Federal Av. San Martín 5192.;$ 1.950.000;ARS;432000.0;110;4;3.0;2.0;17727.0;True;True;True;True;True;True;False;https://www.zonaprop.com.ar/propiedades/clasificado/alclapin-av-san-martin-5192.-departamento-cuatro-ambientes-con-59699243.html?n_src=Listado&n_pills=Terraza&n_pg=5&n_pos=21&n_search_id=ae222a56-167b-4881-8907-e79e70c70eb2;;$ 1.950.000 $ 432.000 Expensas 110 m² tot. 4 amb. 3 dorm. 2 baños 1 coch. Avenida San Martín 5192 Villa Devoto, Capital Federal Av. San Martín 5192. Departamento cuatro ambientes con dependencia. Cochera. Pileta. Dos sum. Parrilla. Por favor, leer completo. Para visitar la propiedad, conocer costo de ingreso, expensas, escalonamiento, requisitos y más información presionar en el botón de contacto por WhatsApp de esta aplicación y le enviaremos la ficha con toda la información. Departamento cuatro ambientes más dependencia de servicio. Tres baños (dos completos). Tres dormitorios. El dormitorio principal con vestidor y baño en suite. Los otros dos dormitorios, cuentan con placard. Cocina independiente con comedor diario. Excelente vista abierta al frente, muy agradable. Amplio balcón al frente. Cerramientos con doble vidrio. Cochera muy amplia con espacio para auto y moto. La cochera es fija, cubierta y de muy cómodo acceso. Palier privado. Acceso principal y acceso de servicio. Calefacción por losa radiante eléctrica individual. Amenities: dos sum, uno de ellos con parrilla, pileta y solárium en la terraza. Medidas aproximadas: Total: 110 m². Cubierta: 95 m². Balcón: 15 m². Edificio de nueve pisos, con dos departamentos por piso. Antigüedad aproximada: 8 años. Sobre la Avenida San Martín 5192, entre la Avenida Nazca y Terrada. Colectivos que pasan por la zona: 47, 57, 78, 80, 84, 105, 110, 134, 146. Requisitos del propietario: - No se permiten mascotas. - Pago del alquiler entre el 1 y el 5 de cada mes. - Contrato por dos años. Escalonamiento cuatrimestral. - Mes adelantado. - Depósito de garantía: un mes y medio. - Garantía: seguro de caución únicamente, con un costo aproximado equivalente a un mes y medio de alquiler, con posibilidad de pago en hasta 12 cuotas. - Demostración de ingresos. - Certificación de firmas y seguro de incendio. - No paga honorarios de inmobiliaria el inquilino. Para los casos de alquiler de vivienda, el monto máximo de comisión que se le puede requerir a los propietarios será el equivalente al cuatro con quince centésimos por ciento (4, 15%) del valor total del respectivo contrato. Se encuentra prohibido cobrar a los inquilinos que sean personas físicas comisiones inmobiliarias y gastos de gestoría de informes. Martillero responsable: Claudio grillo. Cucicba: 5253, csi: 6166. Por favor, leer completo. Para visitar la propiedad, conocer costo de ingreso, expensas, escalonamiento, requisitos y más información presionar en el botón de contacto por WhatsApp de esta aplicación y le enviaremos la ficha con toda la información. WhatsApp Contactar
2026-10-03;5;60237682;2026-09-25;8;False;;;;Flores;Avenida Varela 843 Flores Sur, Flores Excelente;$ 900.000;ARS;161000.0;82;4;3.0;2.0;10976.0;False;True;False;False;False;False;False;https://www.zonaprop.com.ar/propiedades/clasificado/alclapin-alquiler-departamento-4-ambientes-90-m-sup2--en-60237682.html?n_src=Listado&n_pills=Lavadero&n_pg=5&n_pos=22&n_search_id=ae222a56-167b-4881-8907-e79e70c70eb2;;"$ 900.000 $ 161.000 Expensas 82 m² tot. 4 amb. 3 dorm. 2 baños Avenida Varela 843 Flores Sur, Flores Excelente departamento en edificio torre. 4 ambientes, 90m2, ubicado en Flores, a una cuadra de estación de Subte linea ""E"". El inmueble está integrado por un estar-comedor, balcón corrido al frente con vista panorámica, tres dormitorios, cocina amoblada con comedor diario y lavadero cubierto incorporados. Baño completo y toilette con ducha. Placards con interiores en cada dormitorio. El inmueble. Se entrega recién pintado. Piso flotante en habitaciones y cerámico en baños, cocina y balcón. Agua caliente por calefón y calefacción individual por calefactores (tiro balanceado). Servicios. Expensas (Vto. Set/2026) $163. 785. abl (Cta. 09/2026 - incluye impuesto municipal) $20. 700. AySa (incluida en expensas) $35. 257. Medidas. Recepción 1. 50 x 1. 10 m. Cocina (con lavadero incorporado) 3. 40 x 1. 50 m. Comedor diario (incorporado en cocina) 2. 50 x 2. 00 m. Living comedor 6. 40 x 3. 00 m. Balcón (ventila frente) 4. 60 x 1. 50 m. Dormitorio 1 (ventila contrafrente) 4. 00 x 2. 50 m. Dormitorio 2 (ventila contrafrente) 4. 00 x 2. 30 m. Dormitorio 3 (ventila frente) 3. 50 x 2. 80 m. Baño completo (ventilado) 1. 90 x 1. 50 m. Toilette (ventilado) 1. 90 x 1. 10 m. Condiciones para alquilar. Alquiler 1er trimestre: $900. 000+ expensas comunes ordinarias + abl + Impuesto inmobiliario + Aysa (incluido en expensas). Depósito en garantía: $: $900. 000. Las expensas comunes extraordinarias son a cargo del propietario. Actualización trimestral según Índice de contratos locativos (icl) que publique el B. C. R. A. Requisitos. Justificación de ingresos del inquilino (Recibo de sueldo / Certificación ingresos facturación) Garante propietario (Preferentemente de C. A. B. A. Y familiar) o Seguro de Caución. Se solicitarán informes al registro de la propiedad inmueble. Garantías compradas abstenerse. Luis Linari Propiedades S. R. L. (Mat. Cucicba N° 913 y 914) *Las visitas se coordinan únicamente por teléfono (Ver datos/6788) en nuestro horario de atención. Lunes a viernes de 09: 30 a 12: 30 hs y 15: 00 a 17: 00 hs. Sábado de 09: 30 a 11. 30 hs. Domingo cerrado. “Para los casos de alquiler de vivienda, el monto máximo de comisión que se le puede requerir a los propietarios será el equivalente al cuatro con quince centésimos por ciento (4, 15%) del valor total del respectivo” Contactar"
2026-10-03;5;60224754;2026-09-23;10;False;;;;Flores;Avellaneda al 2300 Flores, Capital Federal;$ 900.000;ARS;201300.0;66;4;3.0;2.0;13636.0;False;True;False;False;False;False;False;https://www.zonaprop.com.ar/propiedades/clasificado/alclapin-departamento-de-4-ambientes-remodelado-60224754.html?n_src=Listado&n_pills=Luminoso&n_pg=5&n_pos=23&n_search_id=ae222a56-167b-4881-8907-e79e70c70eb2;;$ 900.000 $ 201.300 Expensas 66 m² tot. 4 amb. 3 dorm. 2 baños Avellaneda al 2300 Flores, Capital Federal Departamento de 4 ambientes remodelado. Cómoda cocina con isla central, equipada con artefacto de cocina a gas. Sistema de agua caliente central. Lavadero independiente. Amplio living con pisos de parquet, con balcón francés hacia el frente. En pasillo de distribucion escritorio con toilette. Baño completo con ventilación natural. Habitación principal con placard empotrado de doble hoja corrediza. Segunda habitación con placard. Ubicado sobre Av. Avellaneda y Caracas, a cuatro cuadras de Av. Rivadavia y tres cuadras de Av. Boyaca. Requisitos: garantía de caba o seguro de caución y justificación de ingresos. Para coordinar visitas contactarse por mensaje via whatsapp. WhatsApp Contactar
2026-10-03;5;59866737;2026-08-14;50;False;;;;Flores;Avenida Gaona 3700 Flores Norte, Flores;USD 850;USD;450000.0;106;4;3.0;2.0;12028.0;False;True;True;False;False;False;False;https://www.zonaprop.com.ar/propiedades/clasificado/alclapin-departamento-de-100-m-sup2--con-3-dorm.-dep-c-coch-59866737.html?n_src=Listado&n_pills=Lavadero&n_pg=5&n_pos=24&n_search_id=ae222a56-167b-4881-8907-e79e70c70eb2;;USD 850 $ 450.000 Expensas 106 m² tot. 4 amb. 3 dorm. 2 baños 1 coch. Avenida Gaona 3700 Flores Norte, Flores Departamento en alquiler de 4 ambientes ubicado en Flores Norte. El inmueble cuenta con 100 m2 de superficie construida y 106 m2 de superficie total, distribuidos en una sola planta que incluye living comedor, cocina, lavadero independiente, 3 dormitorios, 2 baños y 1 toilette. El departamento se ubica al frente con orientación norte, lo que asegura gran luminosidad natural, y dispone de un balcón de 6 m2. Cuenta con cochera cubierta y aire acondicionado instalado. El edificio posee ascensor y cuenta con 8 pisos con 3 departamentos por planta. La zona es residencial y bien conectada, a pocas cuadras de avenidas principales, paradas de colectivos y comercios locales que facilitan el día a día. Contactar
2026-10-03;5;60231900;2026-09-24;9;False;;;;Floresta;Baradero 0 Floresta, Capital Federal Corredor Responsable: Fiorella Velardez cpi 8214 / cmcpdjlm 1022- Contacto: Roxana Lemmi.;$ 1.400.000;ARS;200000.0;145;4;3.0;1.0;9655.0;False;True;False;False;False;True;True;https://www.zonaprop.com.ar/propiedades/clasificado/alclapin-alquiler-departamento-4-amb-con-parrilla-floresta-60231900.html?n_src=Listado&n_pills=Parrilla&n_pg=5&n_pos=25&n_search_id=ae222a56-167b-4881-8907-e79e70c70eb2;;$ 1.400.000 $ 200.000 Expensas 145 m² tot. 4 amb. 3 dorm. 1 baño Baradero 0 Floresta, Capital Federal Corredor Responsable: Fiorella Velardez cpi 8214 / cmcpdjlm 1022- Contacto: Roxana Lemmi. departamento 4 ambientes en alquiler floresta capital federal. Departamento ubicado en el piso 11 de un edificio de 12 pisos sobre la avenida Baradero, en la zona de Floresta. La propiedad cuenta con 145 m² de superficie total, distribuidos en 85 m² cubiertos, 24 m² semicubiertos y 36 m² descubiertos que conforman espacios versátiles y luminosos. La distribución comprende 4 ambientes principales: 3 dormitorios, 1 baño completo, 1 toilette, living comedor integrado con cocina, lavadero y balcón. Todos los espacios se encuentran en muy buen estado de conservación, con placard en dormitorios y orientación este que garantiza excelente iluminación natural durante la mayor parte del día. El edificio, construido en 1983, mantiene una estructura sólida y funcional. La ubicación estratégica sobre Baradero ofrece acceso directo a comercios, transporte público y servicios de la zona. El balcón y la parrilla privada constituyen espacios adicionales ideales para disfrutar del aire libre sin abandonar la comodidad del hogar. Esta propiedad resulta especialmente atractiva para familias que buscan una vivienda con buena relación de espacios, en un barrio consolidado con infraestructura completa y proximidad a centros educativos y de salud. La altura del piso proporciona privacidad y vistas despejadas, características valoradas en el mercado inmobiliario actual. Rau S. R. L. No ejerce el corretaje inmobiliario. El presente sitio web es una plataforma en donde cada oficina inmobiliaria independiente que contrata los servicios re/max puede publicar las propiedades a su cargo. Cada oficina es de propiedad y gestión independiente, por lo que rau S. R. L. No interviene en los datos de la publicación, en la operación inmobiliaria, ni en la confección y/o firma del boleto de compraventa y/o escritura y/o contrato de alquiler. En cumplimiento de las leyes vigentes que regulan el corretaje inmobiliario, Ley Nacional 25. 028, Ley 22. 802 de Lealtad Comercial, Ley 24. 240 de Defensa al Consumidor, las normas del Código Civil y Comercial de la Nación y Constitucionales, los agentes/gestores no ejercen el corretaje inmobiliario. Todas las operaciones inmobiliarias son objeto de intermediación y conclusión por parte del corredor público inmobiliario colegiado a cargo de la publicación, cuyos datos se exhiben en la presente. La presente publicación describe las características esenciales del inmueble, debiéndose consultar al corredor público inmobiliario responsable de la operación por la eventual actualización de las medidas, descripciones arquitectónicas y funcionales, valores de expensas, servicios, impuestos, precios y demás información, cuyos valores son aproximados. Para los casos de alquiler de vivienda, el monto máximo de comisión que se le puede requerir a los propietarios será el equivalente al cuatro con quince centésimos por ciento (4, 15%) del valor total del respectivo contrato. Se encuentra prohibido cobrar a los inquilinos que sean personas físicas comisiones inmobiliarias y gastos de gestoría de informes. El inmueble no es accesible para personas con discapacidades físicas. Contactar
2026-10-03;5;49149516;2026-09-16;17;False;;;;Caballito;Rosario 755 Primera Junta, Caballito Excelente;$ 1.500.000;ARS;600000.0;105;4;3.0;1.0;14286.0;False;True;True;False;False;False;False;https://www.zonaprop.com.ar/propiedades/clasificado/alclappa-dueno-alquila-departamento-de-4-ambientes-en-4-piso-49149516.html?n_src=Listado&n_pills=Aire+acondicionado&n_pg=5&n_pos=29&n_search_id=ae222a56-167b-4881-8907-e79e70c70eb2;;$ 1.500.000 $ 600.000 Expensas 105 m² tot. 4 amb. 3 dorm. 1 baño 1 coch. Rosario 755 Primera Junta, Caballito Excelente departamento en 4 piso frente (semipisos) con 3 dormitorios, un baño completo, un toilette, cocina, lavadero y balcón corrido y baulera. Cuenta con palier privado, alarma y cochera cubierta. Y baulera. Expensas. Incluyen el agua. Tiene loza radiante, aire acondicionado. Se desocupa el 31/1 WhatsApp Contactar
2026-10-03;5;52875911;2026-09-21;12;False;;;;Caballito;Cachimayo 177 Primera Junta, Caballito Excelente;$ 1.500.000;ARS;300000.0;80;4;3.0;2.0;18750.0;False;True;True;False;False;False;False;https://www.zonaprop.com.ar/propiedades/clasificado/alclappa-excelente-4-amb-con-balcon-con-cochera-52875911.html?n_src=Listado&n_pills=Lavadero&n_pg=5&n_pos=30&n_search_id=ae222a56-167b-4881-8907-e79e70c70eb2;;$ 1.500.000 $ 300.000 Expensas 80 m² tot. 4 amb. 3 dorm. 2 baños 1 coch. Cachimayo 177 Primera Junta, Caballito Excelente departamento en Caballito al frente. Hermosa Cocina y baño refaccionados a nuevo. Recien pintado- aire acondicionado frio /calor. Ideal estudiantes, profesionales, familias. 2 dormitorios, y Office o 3°tercer dormitorio. Hermoso Balcon al frente. Habitacion Principal con vestidor. Baño completo- Lavadero con conexion de lavarropas. Protectores en balcon y en ventanas. a media cuadra de Rivadavia, a 2 cuadras de subte A estacion primera Junta, a pasos de tren sarmiento, estacion caballito. Cerca de todo, Confiterias, Supermercados facultades centros comerciales cines WhatsApp Contactar
